date,team.top,team.bottom,inning,top_bottom,batter_number,before_score.top,before_score.bottom,after_score.top,after_score.bottom,point,before_out,before_1b,before_2b,before_3b,after_out,after_1b,after_2b,after_3b,batter.id,batter.handed,batter.name,pitcher.id,pitcher.handed,pitcher.name,direction,result
2023-04-09,巨人,広島,1,1,1,0,0,1,0,1,0,0,0,0,0,0,0,0,1600001,右,オコエ 瑠偉,1900057,左,玉村 昇悟,左,本
2023-04-09,巨人,広島,1,1,2,1,0,1,0,0,0,0,0,0,1,0,0,0,700003,右,坂本 勇人,1900057,左,玉村 昇悟,右,飛
2023-04-09,巨人,広島,1,1,3,1,0,1,0,0,1,0,0,0,2,0,0,0,700027,左,梶谷 隆幸,1900057,左,玉村 昇悟,三,直
2023-04-09,巨人,広島,1,1,4,1,0,1,0,0,2,0,0,0,3,0,0,0,1400101,右,岡本 和真,1900057,左,玉村 昇悟,中,飛
2023-04-09,巨人,広島,1,2,1,1,0,1,0,0,0,0,0,0,1,0,0,0,1100082,右,菊池 涼介,2103689,右,赤星 優志,遊,ゴロ
2023-04-09,巨人,広島,1,2,2,1,0,1,0,0,1,0,0,0,2,0,0,0,1400173,左,野間 峻祥,2103689,右,赤星 優志,中,飛
2023-04-09,巨人,広島,1,2,3,1,0,1,0,0,2,0,0,0,2,1,0,0,1000150,左,秋山 翔吾,2103689,右,赤星 優志,,四球
2023-04-09,巨人,広島,1,2,4,1,0,1,0,0,2,1,0,0,3,0,0,0,1961166,右,マクブルーム,2103689,右,赤星 優志,,見三振
2023-04-09,巨人,広島,2,1,1,1,0,1,0,0,0,0,0,0,1,0,0,0,800054,右,中田 翔,1900057,左,玉村 昇悟,中,飛
2023-04-09,巨人,広島,2,1,2,1,0,1,0,0,1,0,0,0,1,1,0,0,1700044,左,大城 卓三,1900057,左,玉村 昇悟,右,安
2023-04-09,巨人,広島,2,1,3,1,0,1,0,0,1,1,0,0,2,1,0,0,1860031,右,ブリンソン,1900057,左,玉村 昇悟,,空三振
2023-04-09,巨人,広島,2,1,4,1,0,1,0,0,2,1,0,0,3,0,0,0,2107874,左,門脇 誠,1900057,左,玉村 昇悟,,見三振
2023-04-09,巨人,広島,2,2,1,1,0,1,0,0,0,0,0,0,0,1,0,0,1500096,左,西川 龍馬,2103689,右,赤星 優志,右,安
2023-04-09,巨人,広島,2,2,2,1,0,1,0,0,0,1,0,0,1,1,0,0,1460004,右,デビッドソン,2103689,右,赤星 優志,,空三振
2023-04-09,巨人,広島,2,2,3,1,0,1,0,0,1,1,0,0,2,1,0,0,1600124,左,坂倉 将吾,2103689,右,赤星 優志,中,飛
2023-04-09,巨人,広島,2,2,4,1,0,1,0,0,2,1,0,0,3,0,0,0,1300059,左,田中 広輔,2103689,右,赤星 優志,遊,飛
2023-04-09,巨人,広島,3,1,1,1,0,1,0,0,0,0,0,0,1,0,0,0,2103689,右,赤星 優志,1900057,左,玉村 昇悟,遊,ゴロ
2023-04-09,巨人,広島,3,1,2,1,0,1,0,0,1,0,0,0,1,0,0,0,1600001,右,オコエ 瑠偉,1900057,左,玉村 昇悟,左,安
2023-04-09,巨人,広島,3,1,3,1,0,1,0,0,2,0,0,0,2,1,0,0,700003,右,坂本 勇人,1900057,左,玉村 昇悟,左,安
2023-04-09,巨人,広島,3,1,4,1,0,1,0,0,2,1,0,0,3,0,0,0,700027,左,梶谷 隆幸,1900057,左,玉村 昇悟,遊,飛
2023-04-09,巨人,広島,3,2,1,1,0,1,0,0,0,0,0,0,1,0,0,0,1900057,左,玉村 昇悟,2103689,右,赤星 優志,二,ゴロ
2023-04-09,巨人,広島,3,2,2,1,0,1,0,0,1,0,0,0,1,1,0,0,1100082,右,菊池 涼介,2103689,右,赤星 優志,左,安
2023-04-09,巨人,広島,3,2,3,1,0,1,0,0,1,1,0,0,1,1,0,1,1400173,左,野間 峻祥,2103689,右,赤星 優志,右,安
2023-04-09,巨人,広島,3,2,4,1,0,1,1,1,1,1,0,1,1,1,0,1,1000150,左,秋山 翔吾,2103689,右,赤星 優志,右,安
2023-04-09,巨人,広島,3,2,5,1,1,1,2,1,1,1,0,1,2,1,0,0,1961166,右,マクブルーム,2103689,右,赤星 優志,中,犠飛
2023-04-09,巨人,広島,3,2,6,1,2,1,2,0,2,1,0,0,3,0,0,0,1500096,左,西川 龍馬,2103689,右,赤星 優志,左,飛
2023-04-09,巨人,広島,4,1,1,1,2,1,2,0,0,0,0,0,1,0,0,0,1400101,右,岡本 和真,1900057,左,玉村 昇悟,三,ゴロ
2023-04-09,巨人,広島,4,1,2,1,2,1,2,0,1,0,0,0,2,0,0,0,800054,右,中田 翔,1900057,左,玉村 昇悟,二,飛
2023-04-09,巨人,広島,4,1,3,1,2,1,2,0,2,0,0,0,3,0,0,0,1700044,左,大城 卓三,1900057,左,玉村 昇悟,中,飛
2023-04-09,巨人,広島,4,2,1,1,2,1,3,1,0,0,0,0,0,0,0,0,1460004,右,デビッドソン,2103689,右,赤星 優志,右,本
2023-04-09,巨人,広島,4,2,2,1,3,1,3,0,0,0,0,0,1,0,0,0,1600124,左,坂倉 将吾,2103689,右,赤星 優志,二,ゴロ
2023-04-09,巨人,広島,4,2,3,1,3,1,4,1,1,0,0,0,1,0,0,0,1300059,左,田中 広輔,2103689,右,赤星 優志,右,本
2023-04-09,巨人,広島,4,2,4,1,4,1,4,0,1,0,0,0,2,0,0,0,1900057,左,玉村 昇悟,2103689,右,赤星 優志,,空三振
2023-04-09,巨人,広島,4,2,5,1,4,1,4,0,2,0,0,0,3,0,0,0,1100082,右,菊池 涼介,2103689,右,赤星 優志,遊,飛
2023-04-09,巨人,広島,5,1,1,1,4,1,4,0,0,0,0,0,1,0,0,0,1860031,右,ブリンソン,1900057,左,玉村 昇悟,遊,ゴロ
2023-04-09,巨人,広島,5,1,2,1,4,1,4,0,1,0,0,0,2,0,0,0,2107874,左,門脇 誠,1900057,左,玉村 昇悟,一,ゴロ
2023-04-09,巨人,広島,5,1,3,1,4,1,4,0,2,0,0,0,2,1,0,0,600084,右,松田 宣浩,1900057,左,玉村 昇悟,三,安
2023-04-09,巨人,広島,5,1,4,1,4,1,4,0,2,1,0,0,3,0,0,0,1600001,右,オコエ 瑠偉,1900057,左,玉村 昇悟,,空三振
2023-04-09,巨人,広島,5,2,1,1,4,1,4,0,0,0,0,0,1,0,0,0,1400173,左,野間 峻祥,1600064,左,大江 竜聖,遊,ゴロ
2023-04-09,巨人,広島,5,2,2,1,4,1,4,0,1,0,0,0,2,0,0,0,1000150,左,秋山 翔吾,1600064,左,大江 竜聖,左,飛
2023-04-09,巨人,広島,5,2,3,1,4,1,4,0,2,0,0,0,3,0,0,0,1961166,右,マクブルーム,1600064,左,大江 竜聖,遊,ゴロ
2023-04-09,巨人,広島,6,1,1,1,4,1,4,0,0,0,0,0,1,0,0,0,700003,右,坂本 勇人,1900057,左,玉村 昇悟,右,飛
2023-04-09,巨人,広島,6,1,2,1,4,1,4,0,1,0,0,0,2,0,0,0,700027,左,梶谷 隆幸,1900057,左,玉村 昇悟,遊,ゴロ
2023-04-09,巨人,広島,6,1,3,1,4,1,4,0,2,0,0,0,2,1,0,0,1400101,右,岡本 和真,1900057,左,玉村 昇悟,左,安
2023-04-09,巨人,広島,6,1,4,1,4,1,4,0,2,1,0,0,3,0,0,0,800054,右,中田 翔,1900057,左,玉村 昇悟,右,飛
2023-04-09,巨人,広島,6,2,1,1,4,1,4,0,0,0,0,0,0,1,0,0,1500096,左,西川 龍馬,1600064,左,大江 竜聖,二,失
2023-04-09,巨人,広島,6,2,2,1,4,1,4,0,0,1,0,0,1,1,0,0,1460004,右,デビッドソン,1600064,左,大江 竜聖,,見三振
2023-04-09,巨人,広島,6,2,3,1,4,1,4,0,1,1,0,0,2,0,1,0,1600124,左,坂倉 将吾,1600064,左,大江 竜聖,,空三振
2023-04-09,巨人,広島,6,2,4,1,4,1,4,0,2,0,1,0,3,0,0,0,1300059,左,田中 広輔,1600064,左,大江 竜聖,遊,飛
2023-04-09,巨人,広島,7,1,1,1,4,1,4,0,0,0,0,0,0,1,0,0,1700044,左,大城 卓三,1900057,左,玉村 昇悟,左,安
2023-04-09,巨人,広島,7,1,2,1,4,1,4,0,0,1,0,0,1,1,0,0,1860031,右,ブリンソン,1900057,左,玉村 昇悟,,空三振
2023-04-09,巨人,広島,7,1,3,1,4,1,4,0,1,1,0,0,2,1,0,0,1600059,左,吉川 尚輝,1900057,左,玉村 昇悟,,空三振
2023-04-09,巨人,広島,7,1,4,1,4,1,4,0,2,1,0,0,3,0,0,0,600084,右,松田 宣浩,1651377,右,松本 竜也,,見三振
2023-04-09,巨人,広島,7,2,1,1,4,1,4,0,0,0,0,0,1,0,0,0,1800072,左,小園 海斗,1200089,右,鍵谷 陽平,二,ゴロ
2023-04-09,巨人,広島,7,2,2,1,4,1,4,0,1,0,0,0,2,0,0,0,1100082,右,菊池 涼介,1200089,右,鍵谷 陽平,中,飛
2023-04-09,巨人,広島,7,2,3,1,4,1,4,0,2,0,0,0,3,0,0,0,1400173,左,野間 峻祥,1200089,右,鍵谷 陽平,右,飛
2023-04-09,巨人,広島,8,1,1,1,4,1,4,0,0,0,0,0,1,0,0,0,1600001,右,オコエ 瑠偉,1560685,左,ターリー,右,飛
2023-04-09,巨人,広島,8,1,2,1,4,1,4,0,1,0,0,0,2,0,0,0,700003,右,坂本 勇人,1560685,左,ターリー,三,直
2023-04-09,巨人,広島,8,1,3,1,4,1,4,0,2,0,0,0,3,0,0,0,900397,右,長野 久義,1560685,左,ターリー,中,飛
2023-04-09,巨人,広島,8,2,1,1,4,1,4,0,0,0,0,0,1,0,0,0,1000150,左,秋山 翔吾,1600100,左,高梨 雄平,,空三振
2023-04-09,巨人,広島,8,2,2,1,4,1,4,0,1,0,0,0,2,0,0,0,1961166,右,マクブルーム,1600100,左,高梨 雄平,,空三振
2023-04-09,巨人,広島,8,2,3,1,4,1,4,0,2,0,0,0,2,0,1,0,1500096,左,西川 龍馬,1600100,左,高梨 雄平,左,２
2023-04-09,巨人,広島,8,2,4,1,4,1,4,0,2,0,1,0,3,0,0,0,1460004,右,デビッドソン,1500113,右,田中 豊樹,,空三振
2023-04-09,巨人,広島,9,1,1,1,4,1,4,0,0,0,0,0,1,0,0,0,1400101,右,岡本 和真,2000060,右,栗林 良吏,遊,ゴロ
2023-04-09,巨人,広島,9,1,2,1,4,2,4,1,1,0,0,0,1,0,0,0,800054,右,中田 翔,2000060,右,栗林 良吏,左,本
2023-04-09,巨人,広島,9,1,3,2,4,2,4,0,1,0,0,0,2,0,0,0,1700044,左,大城 卓三,2000060,右,栗林 良吏,,空三振
2023-04-09,巨人,広島,9,1,4,2,4,2,4,0,2,0,0,0,3,0,0,0,800043,左,丸 佳浩,2000060,右,栗林 良吏,二,ゴロ
2023-04-09,中日,DeNA,1,1,1,0,0,0,0,0,0,0,0,0,1,0,0,0,900410,左,大島 洋平,1400110,左,石田 健大,遊,ゴロ
2023-04-09,中日,DeNA,1,1,2,0,0,0,0,0,1,0,0,0,1,1,0,0,1900041,左,岡林 勇希,1400110,左,石田 健大,中,安
2023-04-09,中日,DeNA,1,1,3,0,0,0,0,0,1,1,0,0,1,1,1,0,1560639,右,カリステ,1400110,左,石田 健大,,四球
2023-04-09,中日,DeNA,1,1,4,0,0,0,0,0,1,1,1,0,2,1,0,1,1600021,右,ビシエド,1400110,左,石田 健大,中,飛
2023-04-09,中日,DeNA,1,1,5,0,0,0,0,0,2,1,0,1,3,0,0,0,1961068,右,アキーノ,1400110,左,石田 健大,一,邪飛
2023-04-09,中日,DeNA,1,2,1,0,0,0,0,0,0,0,0,0,0,1,0,0,1600089,左,佐野 恵太,1200055,右,福谷 浩司,二,安
2023-04-09,中日,DeNA,1,2,2,0,0,0,0,0,0,1,0,0,1,0,1,0,1850208,左,林 琢真,1200055,右,福谷 浩司,投,犠打
2023-04-09,中日,DeNA,1,2,3,0,0,0,1,1,1,0,1,0,1,0,1,0,1200053,右,宮﨑 敏郎,1200055,右,福谷 浩司,中,２
2023-04-09,中日,DeNA,1,2,4,0,1,0,1,0,1,0,1,0,1,1,0,1,2000035,右,牧 秀悟,1200055,右,福谷 浩司,右,安
2023-04-09,中日,DeNA,1,2,5,0,1,0,2,1,1,1,0,1,1,1,1,0,1100061,右,桑原 将志,1200055,右,福谷 浩司,右,安
2023-04-09,中日,DeNA,1,2,6,0,2,0,2,0,1,1,1,0,2,1,1,0,1300038,左,関根 大気,1200055,右,福谷 浩司,遊,邪飛
2023-04-09,中日,DeNA,1,2,7,0,2,0,4,2,2,1,1,0,2,0,1,0,1700020,右,ソト,1200055,右,福谷 浩司,右,２
2023-04-09,中日,DeNA,1,2,8,0,4,0,6,2,2,0,1,0,2,0,0,0,1500064,左,戸柱 恭孝,1200055,右,福谷 浩司,右,本
2023-04-09,中日,DeNA,1,2,9,0,6,0,6,0,2,0,0,0,2,1,0,0,1400110,左,石田 健大,1200055,右,福谷 浩司,左,安
2023-04-09,中日,DeNA,1,2,10,0,6,0,6,0,2,1,0,0,3,0,0,0,1600089,左,佐野 恵太,1200055,右,福谷 浩司,二,ゴロ
2023-04-09,中日,DeNA,2,1,1,0,6,0,6,0,0,0,0,0,0,0,1,0,2103780,右,福永 裕基,1400110,左,石田 健大,中,２
2023-04-09,中日,DeNA,2,1,2,0,6,0,6,0,0,0,1,0,1,0,1,0,1500076,右,木下 拓哉,1400110,左,石田 健大,遊,ゴロ
2023-04-09,中日,DeNA,2,1,3,0,6,0,6,0,1,0,1,0,2,0,1,0,2000044,左,龍空,1400110,左,石田 健大,三,ゴロ
2023-04-09,中日,DeNA,2,1,4,0,6,0,6,0,2,0,1,0,3,0,0,0,2103840,右,ブライト 健太,1400110,左,石田 健大,左,飛
2023-04-09,中日,DeNA,2,2,1,0,6,0,6,0,0,0,0,0,0,1,0,0,1850208,左,林 琢真,1700101,右,鈴木 博志,,四球
2023-04-09,中日,DeNA,2,2,2,0,6,0,6,0,0,1,0,0,1,1,0,0,1200053,右,宮﨑 敏郎,1700101,右,鈴木 博志,左,飛
2023-04-09,中日,DeNA,2,2,3,0,6,0,6,0,1,1,0,0,3,0,0,0,2000035,右,牧 秀悟,1700101,右,鈴木 博志,遊,併打
2023-04-09,中日,DeNA,3,1,1,0,6,0,6,0,0,0,0,0,0,1,0,0,900410,左,大島 洋平,1400110,左,石田 健大,左,安
2023-04-09,中日,DeNA,3,1,2,0,6,0,6,0,0,1,0,0,1,1,0,0,1900041,左,岡林 勇希,1400110,左,石田 健大,二,飛
2023-04-09,中日,DeNA,3,1,3,0,6,0,6,0,1,1,0,0,2,1,0,0,1560639,右,カリステ,1400110,左,石田 健大,,空三振
2023-04-09,中日,DeNA,3,1,4,0,6,0,6,0,2,1,0,0,3,0,0,0,1600021,右,ビシエド,1400110,左,石田 健大,,空三振
2023-04-09,中日,DeNA,3,2,1,0,6,0,6,0,0,0,0,0,0,0,1,0,1100061,右,桑原 将志,1700101,右,鈴木 博志,右,２
2023-04-09,中日,DeNA,3,2,2,0,6,0,6,0,0,0,1,0,1,0,0,1,1300038,左,関根 大気,1700101,右,鈴木 博志,二,ゴロ
2023-04-09,中日,DeNA,3,2,3,0,6,0,6,0,1,0,0,1,2,0,0,1,1700020,右,ソト,1700101,右,鈴木 博志,三,ゴロ
2023-04-09,中日,DeNA,3,2,4,0,6,0,6,0,2,0,0,1,2,1,0,1,1500064,左,戸柱 恭孝,1700101,右,鈴木 博志,,故意四
2023-04-09,中日,DeNA,3,2,5,0,6,0,6,0,2,1,0,1,3,0,0,0,1400110,左,石田 健大,1700101,右,鈴木 博志,,見三振
2023-04-09,中日,DeNA,4,1,1,0,6,0,6,0,0,0,0,0,1,0,0,0,1961068,右,アキーノ,1400110,左,石田 健大,,空三振
2023-04-09,中日,DeNA,4,1,2,0,6,0,6,0,1,0,0,0,2,0,0,0,2103780,右,福永 裕基,1400110,左,石田 健大,三,ゴロ
2023-04-09,中日,DeNA,4,1,3,0,6,0,6,0,2,0,0,0,3,0,0,0,1400160,右,加藤 匠馬,1400110,左,石田 健大,右,飛
2023-04-09,中日,DeNA,4,2,1,0,6,0,6,0,0,0,0,0,1,0,0,0,1600089,左,佐野 恵太,1700101,右,鈴木 博志,二,ゴロ
2023-04-09,中日,DeNA,4,2,2,0,6,0,6,0,1,0,0,0,2,0,0,0,1850208,左,林 琢真,1700101,右,鈴木 博志,三,ゴロ
2023-04-09,中日,DeNA,4,2,3,0,6,0,6,0,2,0,0,0,2,1,0,0,1200053,右,宮﨑 敏郎,1700101,右,鈴木 博志,右,安
2023-04-09,中日,DeNA,4,2,4,0,6,0,6,0,2,1,0,0,3,0,0,0,2000035,右,牧 秀悟,1700101,右,鈴木 博志,右,飛
2023-04-09,中日,DeNA,5,1,1,0,6,0,6,0,0,0,0,0,1,0,0,0,2000044,左,龍空,1400110,左,石田 健大,一,ゴロ
2023-04-09,中日,DeNA,5,1,2,0,6,0,6,0,1,0,0,0,2,0,0,0,1700101,右,鈴木 博志,1400110,左,石田 健大,,空三振
2023-04-09,中日,DeNA,5,1,3,0,6,0,6,0,2,0,0,0,3,0,0,0,900410,左,大島 洋平,1400110,左,石田 健大,二,ゴロ
2023-04-09,中日,DeNA,5,2,1,0,6,0,6,0,0,0,0,0,1,0,0,0,1100061,右,桑原 将志,1700101,右,鈴木 博志,投,ゴロ
2023-04-09,中日,DeNA,5,2,2,0,6,0,6,0,1,0,0,0,2,0,0,0,1300038,左,関根 大気,1700101,右,鈴木 博志,一,ゴロ
2023-04-09,中日,DeNA,5,2,3,0,6,0,6,0,2,0,0,0,2,1,0,0,1700020,右,ソト,1700101,右,鈴木 博志,中,安
2023-04-09,中日,DeNA,5,2,4,0,6,0,6,0,2,1,0,0,3,0,0,0,1500064,左,戸柱 恭孝,1700101,右,鈴木 博志,一,ゴロ
2023-04-09,中日,DeNA,6,1,1,0,6,0,6,0,0,0,0,0,1,0,0,0,1900041,左,岡林 勇希,1400110,左,石田 健大,遊,ゴロ
2023-04-09,中日,DeNA,6,1,2,0,6,0,6,0,1,0,0,0,2,0,0,0,1560639,右,カリステ,1400110,左,石田 健大,三,ゴロ
2023-04-09,中日,DeNA,6,1,3,0,6,0,6,0,2,0,0,0,3,0,0,0,1600021,右,ビシエド,1400110,左,石田 健大,遊,飛
2023-04-09,中日,DeNA,6,2,1,0,6,0,6,0,0,0,0,0,0,1,0,0,1600107,左,京田 陽太,1700101,右,鈴木 博志,中,安
2023-04-09,中日,DeNA,6,2,2,0,6,0,6,0,0,1,0,0,0,1,0,1,1600089,左,佐野 恵太,1700101,右,鈴木 博志,右,安
2023-04-09,中日,DeNA,6,2,3,0,6,0,7,1,0,1,0,1,1,1,0,0,1850208,左,林 琢真,1700101,右,鈴木 博志,左,犠飛
2023-04-09,中日,DeNA,6,2,4,0,7,0,7,0,1,1,0,0,3,0,0,0,1200053,右,宮﨑 敏郎,1700101,右,鈴木 博志,遊,併打
2023-04-09,中日,DeNA,7,1,1,0,7,0,7,0,0,0,0,0,1,0,0,0,1961068,右,アキーノ,1200049,右,三嶋 一輝,右,飛
2023-04-09,中日,DeNA,7,1,2,0,7,0,7,0,1,0,0,0,1,1,0,0,2103780,右,福永 裕基,1200049,右,三嶋 一輝,左,安
2023-04-09,中日,DeNA,7,1,3,0,7,0,7,0,1,1,0,0,2,1,0,0,1400160,右,加藤 匠馬,1200049,右,三嶋 一輝,,見三振
2023-04-09,中日,DeNA,7,1,4,0,7,0,7,0,2,1,0,0,3,0,0,0,2000044,左,龍空,1200049,右,三嶋 一輝,二,ゴロ
2023-04-09,中日,DeNA,7,2,1,0,7,0,7,0,0,0,0,0,1,0,0,0,2000035,右,牧 秀悟,1700106,右,山本 拓実,遊,ゴロ
2023-04-09,中日,DeNA,7,2,2,0,7,0,7,0,1,0,0,0,2,0,0,0,1100061,右,桑原 将志,1700106,右,山本 拓実,,空三振
2023-04-09,中日,DeNA,7,2,3,0,7,0,7,0,2,0,0,0,2,0,0,1,1300038,左,関根 大気,1700106,右,山本 拓実,右,３
2023-04-09,中日,DeNA,7,2,4,0,7,0,7,0,2,0,0,1,3,0,0,0,1700020,右,ソト,1700106,右,山本 拓実,,空三振
2023-04-09,中日,DeNA,8,1,1,0,7,0,7,0,0,0,0,0,1,0,0,0,1200097,右,加藤 翔平,2000040,左,石川 達也,中,飛
2023-04-09,中日,DeNA,8,1,2,0,7,0,7,0,1,0,0,0,1,1,0,0,900410,左,大島 洋平,2000040,左,石川 達也,左,安
2023-04-09,中日,DeNA,8,1,3,0,7,0,7,0,1,1,0,0,2,1,0,0,1900041,左,岡林 勇希,2000040,左,石川 達也,遊,ゴロ
2023-04-09,中日,DeNA,8,1,4,0,7,0,7,0,2,1,0,0,3,0,0,0,1560639,右,カリステ,2000040,左,石川 達也,右,飛
2023-04-09,中日,DeNA,8,2,1,0,7,0,7,0,0,0,0,0,1,0,0,0,900011,右,大田 泰示,1300040,左,砂田 毅樹,,空三振
2023-04-09,中日,DeNA,8,2,2,0,7,0,7,0,1,0,0,0,2,0,0,0,1600107,左,京田 陽太,1300040,左,砂田 毅樹,右,飛
2023-04-09,中日,DeNA,8,2,3,0,7,0,8,1,2,0,0,0,2,0,0,0,1600089,左,佐野 恵太,1300040,左,砂田 毅樹,右,本
2023-04-09,中日,DeNA,8,2,4,0,8,0,8,0,2,0,0,0,3,0,0,0,1500063,左,柴田 竜拓,1300040,左,砂田 毅樹,遊,ゴロ
2023-04-09,中日,DeNA,9,1,1,0,8,0,8,0,0,0,0,0,1,0,0,0,1600085,右,細川 成也,1561880,右,ウェンデルケン,,空三振
2023-04-09,中日,DeNA,9,1,2,0,8,0,8,0,1,0,0,0,2,0,0,0,1961068,右,アキーノ,1561880,右,ウェンデルケン,,空三振
2023-04-09,中日,DeNA,9,1,3,0,8,0,8,0,2,0,0,0,3,0,0,0,2103780,右,福永 裕基,1561880,右,ウェンデルケン,三,ゴロ
2023-04-09,ヤクルト,阪神,1,1,1,0,0,0,0,0,0,0,0,0,1,0,0,0,1650522,左,丸山 和郁,1600115,右,才木 浩人,,空三振
2023-04-09,ヤクルト,阪神,1,1,2,0,0,0,0,0,1,0,0,0,2,0,0,0,400021,左,青木 宣親,1600115,右,才木 浩人,,空三振
2023-04-09,ヤクルト,阪神,1,1,3,0,0,0,0,0,2,0,0,0,3,0,0,0,1000132,右,山田 哲人,1600115,右,才木 浩人,,見三振
2023-04-09,ヤクルト,阪神,1,2,1,0,0,0,0,0,0,0,0,0,0,1,0,0,1800065,左,近本 光司,2103794,右,吉村 貢司郎,,四球
2023-04-09,ヤクルト,阪神,1,2,2,0,0,0,0,0,0,1,0,0,1,0,1,0,2000056,左,中野 拓夢,2103794,右,吉村 貢司郎,一,犠打
2023-04-09,ヤクルト,阪神,1,2,3,0,0,0,0,0,1,0,1,0,1,1,1,0,1961285,右,ノイジー,2103794,右,吉村 貢司郎,,四球
2023-04-09,ヤクルト,阪神,1,2,4,0,0,0,0,0,1,1,1,0,1,1,1,1,1600113,右,大山 悠輔,2103794,右,吉村 貢司郎,中,安
2023-04-09,ヤクルト,阪神,1,2,5,0,0,0,0,0,1,1,1,1,2,1,1,1,2000051,左,佐藤 輝明,2103794,右,吉村 貢司郎,,空三振
2023-04-09,ヤクルト,阪神,1,2,6,0,0,0,0,0,2,1,1,1,3,0,0,0,1500091,左,板山 祐太郎,2103794,右,吉村 貢司郎,,空三振
2023-04-09,ヤクルト,阪神,2,1,1,0,0,0,0,0,0,0,0,0,1,0,0,0,1700084,左,村上 宗隆,1600115,右,才木 浩人,二,邪飛
2023-04-09,ヤクルト,阪神,2,1,2,0,0,0,0,0,1,0,0,0,2,0,0,0,2000133,右,オスナ,1600115,右,才木 浩人,,空三振
2023-04-09,ヤクルト,阪神,2,1,3,0,0,0,0,0,2,0,0,0,2,1,0,0,900044,右,中村 悠平,1600115,右,才木 浩人,右,安
2023-04-09,ヤクルト,阪神,2,1,4,0,0,0,0,0,2,1,0,0,3,0,0,0,2000135,右,サンタナ,1600115,右,才木 浩人,,空三振
2023-04-09,ヤクルト,阪神,2,2,1,0,0,0,0,0,0,0,0,0,1,0,0,0,1300073,右,梅野 隆太郎,2103794,右,吉村 貢司郎,一,邪飛
2023-04-09,ヤクルト,阪神,2,2,2,0,0,0,0,0,1,0,0,0,2,0,0,0,1800067,左,木浪 聖也,2103794,右,吉村 貢司郎,遊,ゴロ
2023-04-09,ヤクルト,阪神,2,2,3,0,0,0,0,0,2,0,0,0,3,0,0,0,1600115,右,才木 浩人,2103794,右,吉村 貢司郎,,空三振
2023-04-09,ヤクルト,阪神,3,1,1,0,0,0,0,0,0,0,0,0,1,0,0,0,1900028,左,長岡 秀樹,1600115,右,才木 浩人,,空三振
2023-04-09,ヤクルト,阪神,3,1,2,0,0,0,0,0,1,0,0,0,2,0,0,0,2103794,右,吉村 貢司郎,1600115,右,才木 浩人,,空三振
2023-04-09,ヤクルト,阪神,3,1,3,0,0,0,0,0,2,0,0,0,3,0,0,0,1650522,左,丸山 和郁,1600115,右,才木 浩人,,空三振
2023-04-09,ヤクルト,阪神,3,2,1,0,0,0,0,0,0,0,0,0,0,0,1,0,1800065,左,近本 光司,2103794,右,吉村 貢司郎,右,２
2023-04-09,ヤクルト,阪神,3,2,2,0,0,0,0,0,0,0,1,0,0,1,0,1,2000056,左,中野 拓夢,2103794,右,吉村 貢司郎,左,安
2023-04-09,ヤクルト,阪神,3,2,3,0,0,0,1,1,0,1,0,1,1,1,0,0,1961285,右,ノイジー,2103794,右,吉村 貢司郎,遊,ゴロ
2023-04-09,ヤクルト,阪神,3,2,4,0,1,0,1,0,1,1,0,0,2,1,0,0,1600113,右,大山 悠輔,2103794,右,吉村 貢司郎,中,飛
2023-04-09,ヤクルト,阪神,3,2,5,0,1,0,1,0,2,1,0,0,2,1,1,0,2000051,左,佐藤 輝明,2103794,右,吉村 貢司郎,,四球
2023-04-09,ヤクルト,阪神,3,2,6,0,1,0,1,0,2,1,1,0,3,0,0,0,1500091,左,板山 祐太郎,2103794,右,吉村 貢司郎,投,ゴロ
2023-04-09,ヤクルト,阪神,4,1,1,0,1,0,1,0,0,0,0,0,1,0,0,0,400021,左,青木 宣親,1600115,右,才木 浩人,,空三振
2023-04-09,ヤクルト,阪神,4,1,2,0,1,0,1,0,1,0,0,0,1,0,1,0,1000132,右,山田 哲人,1600115,右,才木 浩人,左,２
2023-04-09,ヤクルト,阪神,4,1,3,0,1,0,1,0,1,0,1,0,1,1,1,0,1700084,左,村上 宗隆,1600115,右,才木 浩人,,死球
2023-04-09,ヤクルト,阪神,4,1,4,0,1,0,1,0,1,1,1,0,2,0,1,1,2000133,右,オスナ,1600115,右,才木 浩人,中,飛
2023-04-09,ヤクルト,阪神,4,1,5,0,1,0,1,0,2,0,1,1,3,0,0,0,900044,右,中村 悠平,1600115,右,才木 浩人,投,ゴロ
2023-04-09,ヤクルト,阪神,4,2,1,0,1,0,1,0,0,0,0,0,1,0,0,0,1300073,右,梅野 隆太郎,2103794,右,吉村 貢司郎,中,飛
2023-04-09,ヤクルト,阪神,4,2,2,0,1,0,1,0,1,0,0,0,2,0,0,0,1800067,左,木浪 聖也,2103794,右,吉村 貢司郎,一,ゴロ
2023-04-09,ヤクルト,阪神,4,2,3,0,1,0,1,0,2,0,0,0,3,0,0,0,1600115,右,才木 浩人,2103794,右,吉村 貢司郎,二,ゴロ
2023-04-09,ヤクルト,阪神,5,1,1,0,1,0,1,0,0,0,0,0,1,0,0,0,2000135,右,サンタナ,1600115,右,才木 浩人,中,飛
2023-04-09,ヤクルト,阪神,5,1,2,0,1,0,1,0,1,0,0,0,1,1,0,0,1900028,左,長岡 秀樹,1600115,右,才木 浩人,左,安
2023-04-09,ヤクルト,阪神,5,1,3,0,1,0,1,0,1,1,0,0,2,0,1,0,2103794,右,吉村 貢司郎,1600115,右,才木 浩人,一,犠打
2023-04-09,ヤクルト,阪神,5,1,4,0,1,0,1,0,2,0,1,0,3,0,0,0,1650522,左,丸山 和郁,1600115,右,才木 浩人,三,ゴロ
2023-04-09,ヤクルト,阪神,5,2,1,0,1,0,1,0,0,0,0,0,1,0,0,0,1800065,左,近本 光司,2103794,右,吉村 貢司郎,二,ゴロ
2023-04-09,ヤクルト,阪神,5,2,2,0,1,0,1,0,1,0,0,0,2,0,0,0,2000056,左,中野 拓夢,2103794,右,吉村 貢司郎,二,飛
2023-04-09,ヤクルト,阪神,5,2,3,0,1,0,1,0,2,0,0,0,2,1,0,0,1961285,右,ノイジー,2103794,右,吉村 貢司郎,左,安
2023-04-09,ヤクルト,阪神,5,2,4,0,1,0,1,0,2,1,0,0,3,0,0,0,1600113,右,大山 悠輔,2103794,右,吉村 貢司郎,中,飛
2023-04-09,ヤクルト,阪神,6,1,1,0,1,0,1,0,0,0,0,0,1,0,0,0,400021,左,青木 宣親,1600115,右,才木 浩人,一,ゴロ
2023-04-09,ヤクルト,阪神,6,1,2,0,1,0,1,0,1,0,0,0,2,0,0,0,1000132,右,山田 哲人,1600115,右,才木 浩人,三,邪飛
2023-04-09,ヤクルト,阪神,6,1,3,0,1,0,1,0,2,0,0,0,3,0,0,0,1700084,左,村上 宗隆,1600115,右,才木 浩人,,空三振
2023-04-09,ヤクルト,阪神,6,2,1,0,1,0,1,0,0,0,0,0,1,0,0,0,2000051,左,佐藤 輝明,1600075,右,星 知弥,三,飛
2023-04-09,ヤクルト,阪神,6,2,2,0,1,0,1,0,1,0,0,0,2,0,0,0,1500091,左,板山 祐太郎,1600075,右,星 知弥,二,ゴロ
2023-04-09,ヤクルト,阪神,6,2,3,0,1,0,1,0,2,0,0,0,3,0,0,0,1300073,右,梅野 隆太郎,1600075,右,星 知弥,二,ゴロ
2023-04-09,ヤクルト,阪神,7,1,1,0,1,0,1,0,0,0,0,0,1,0,0,0,2000133,右,オスナ,1600115,右,才木 浩人,,空三振
2023-04-09,ヤクルト,阪神,7,1,2,0,1,0,1,0,1,0,0,0,1,1,0,0,900044,右,中村 悠平,1600115,右,才木 浩人,右,安
2023-04-09,ヤクルト,阪神,7,1,3,0,1,0,1,0,1,1,0,0,1,1,1,0,2000135,右,サンタナ,1600115,右,才木 浩人,,四球
2023-04-09,ヤクルト,阪神,7,1,4,0,1,0,1,0,1,1,1,0,2,1,1,0,1900028,左,長岡 秀樹,1600115,右,才木 浩人,遊,飛
2023-04-09,ヤクルト,阪神,7,1,5,0,1,1,1,1,2,1,1,0,2,0,1,1,600011,左,川端 慎吾,1600115,右,才木 浩人,右,２
2023-04-09,ヤクルト,阪神,7,1,6,1,1,1,1,0,2,0,1,1,3,0,0,0,1650522,左,丸山 和郁,1600115,右,才木 浩人,中,飛
2023-04-09,ヤクルト,阪神,7,2,1,1,1,1,1,0,0,0,0,0,0,1,0,0,1800067,左,木浪 聖也,1200075,右,石山 泰稚,中,安
2023-04-09,ヤクルト,阪神,7,2,2,1,1,1,1,0,0,1,0,0,1,1,0,0,1700079,右,熊谷 敬宥,1200075,右,石山 泰稚,捕,ゴロ
2023-04-09,ヤクルト,阪神,7,2,3,1,1,1,1,0,1,1,0,0,2,0,1,0,1800065,左,近本 光司,1200075,右,石山 泰稚,一,ゴロ
2023-04-09,ヤクルト,阪神,7,2,4,1,1,1,1,0,2,0,1,0,2,1,0,1,2000056,左,中野 拓夢,1200075,右,石山 泰稚,左,安
2023-04-09,ヤクルト,阪神,7,2,5,1,1,1,1,0,2,1,0,1,3,0,0,0,1961285,右,ノイジー,1200075,右,石山 泰稚,中,飛
2023-04-09,ヤクルト,阪神,8,1,1,1,1,1,1,0,0,0,0,0,1,0,0,0,400021,左,青木 宣親,1300075,左,岩崎 優,投,ゴロ
2023-04-09,ヤクルト,阪神,8,1,2,1,1,1,1,0,1,0,0,0,2,0,0,0,1000132,右,山田 哲人,1300075,左,岩崎 優,一,邪飛
2023-04-09,ヤクルト,阪神,8,1,3,1,1,1,1,0,2,0,0,0,3,0,0,0,1700084,左,村上 宗隆,1300075,左,岩崎 優,左,飛
2023-04-09,ヤクルト,阪神,8,2,1,1,1,1,1,0,0,0,0,0,0,0,1,0,1600113,右,大山 悠輔,1800033,右,清水 昇,中,２
2023-04-09,ヤクルト,阪神,8,2,2,1,1,1,1,0,0,0,1,0,1,0,1,0,2000051,左,佐藤 輝明,1800033,右,清水 昇,,空三振
2023-04-09,ヤクルト,阪神,8,2,3,1,1,1,1,0,1,0,1,0,2,0,1,0,900426,右,原口 文仁,1800033,右,清水 昇,,空三振
2023-04-09,ヤクルト,阪神,8,2,4,1,1,1,1,0,2,0,1,0,3,0,0,0,1300073,右,梅野 隆太郎,1800033,右,清水 昇,,空三振
2023-04-09,ヤクルト,阪神,9,1,1,1,1,1,1,0,0,0,0,0,1,0,0,0,2000133,右,オスナ,1800070,右,湯浅 京己,三,直
2023-04-09,ヤクルト,阪神,9,1,2,1,1,1,1,0,1,0,0,0,2,0,0,0,900044,右,中村 悠平,1800070,右,湯浅 京己,中,飛
2023-04-09,ヤクルト,阪神,9,1,3,1,1,1,1,0,2,0,0,0,3,0,0,0,2000031,右,赤羽 由紘,1800070,右,湯浅 京己,,空三振
2023-04-09,ヤクルト,阪神,9,2,1,1,1,1,1,0,0,0,0,0,0,1,0,0,1800067,左,木浪 聖也,2000024,右,木澤 尚文,中,安
2023-04-09,ヤクルト,阪神,9,2,2,1,1,1,1,0,0,1,0,0,1,0,1,0,1800066,左,小幡 竜平,2000024,右,木澤 尚文,一,犠打
2023-04-09,ヤクルト,阪神,9,2,3,1,1,1,1,0,1,0,1,0,1,1,1,0,1800065,左,近本 光司,2000024,右,木澤 尚文,,故意四
2023-04-09,ヤクルト,阪神,9,2,4,1,1,1,1,0,1,1,1,0,2,1,1,0,2000056,左,中野 拓夢,2000024,右,木澤 尚文,,見三振
2023-04-09,ヤクルト,阪神,9,2,5,1,1,1,1,0,2,1,1,0,3,0,0,0,1961285,右,ノイジー,2000024,右,木澤 尚文,遊,ゴロ
2023-04-09,ヤクルト,阪神,10,1,1,1,1,1,1,0,0,0,0,0,1,0,0,0,1900028,左,長岡 秀樹,2000058,右,石井 大智,左,飛
2023-04-09,ヤクルト,阪神,10,1,2,1,1,1,1,0,1,0,0,0,2,0,0,0,1800036,右,濱田 太貴,2000058,右,石井 大智,中,飛
2023-04-09,ヤクルト,阪神,10,1,3,1,1,1,1,0,2,0,0,0,3,0,0,0,1650522,左,丸山 和郁,2000058,右,石井 大智,左,飛
2023-04-09,ヤクルト,阪神,10,2,1,1,1,1,1,0,0,0,0,0,1,0,0,0,1850183,右,森下 翔太,1300029,左,田口 麗斗,,見三振
2023-04-09,ヤクルト,阪神,10,2,2,1,1,1,1,0,1,0,0,0,2,0,0,0,2000051,左,佐藤 輝明,1300029,左,田口 麗斗,,空三振
2023-04-09,ヤクルト,阪神,10,2,3,1,1,1,1,0,2,0,0,0,3,0,0,0,900426,右,原口 文仁,1300029,左,田口 麗斗,遊,ゴロ
2023-04-09,ヤクルト,阪神,11,1,1,1,1,1,1,0,0,0,0,0,0,0,0,1,400021,左,青木 宣親,1961194,右,K.ケラー,,四球
2023-04-09,ヤクルト,阪神,11,1,2,1,1,1,1,0,0,0,0,1,1,0,0,1,1000132,右,山田 哲人,1961194,右,K.ケラー,一,邪飛
2023-04-09,ヤクルト,阪神,11,1,3,1,1,1,1,0,1,0,0,1,2,0,0,1,1700084,左,村上 宗隆,1961194,右,K.ケラー,,空三振
2023-04-09,ヤクルト,阪神,11,1,4,1,1,1,1,0,2,0,0,1,3,0,0,0,2000133,右,オスナ,1961194,右,K.ケラー,三,ゴロ
2023-04-09,ヤクルト,阪神,11,2,1,1,1,1,1,0,0,0,0,0,1,0,0,0,1300073,右,梅野 隆太郎,1500139,右,小澤 怜史,二,直
2023-04-09,ヤクルト,阪神,11,2,2,1,1,1,1,0,1,0,0,0,1,0,1,0,1800067,左,木浪 聖也,1500139,右,小澤 怜史,右,２
2023-04-09,ヤクルト,阪神,11,2,3,1,1,1,1,0,1,0,1,0,1,1,1,0,1600117,左,糸原 健斗,1500139,右,小澤 怜史,,四球
2023-04-09,ヤクルト,阪神,11,2,4,1,1,1,1,0,1,1,1,0,3,0,0,0,1800065,左,近本 光司,1500139,右,小澤 怜史,遊,併打
2023-04-09,ヤクルト,阪神,12,1,1,1,1,1,1,0,0,0,0,0,0,1,0,0,900044,右,中村 悠平,1300076,右,加治屋 蓮,,四球
2023-04-09,ヤクルト,阪神,12,1,2,1,1,1,1,0,0,1,0,0,1,0,1,0,2000031,右,赤羽 由紘,1300076,右,加治屋 蓮,捕,犠打
2023-04-09,ヤクルト,阪神,12,1,3,1,1,1,1,0,1,0,1,0,2,0,1,0,1900028,左,長岡 秀樹,1300076,右,加治屋 蓮,,空三振
2023-04-09,ヤクルト,阪神,12,1,4,1,1,1,1,0,2,0,1,0,3,0,0,0,1700089,左,宮本 丈,1300076,右,加治屋 蓮,二,ゴロ
2023-04-09,ヤクルト,阪神,12,2,1,1,1,1,1,0,0,0,0,0,1,0,0,0,2000056,左,中野 拓夢,1700094,左,山本 大貴,一,ゴロ
2023-04-09,ヤクルト,阪神,12,2,2,1,1,1,1,0,1,0,0,0,2,0,0,0,1961285,右,ノイジー,1900027,右,大西 広樹,投,ゴロ
2023-04-09,ヤクルト,阪神,12,2,3,1,1,1,1,0,2,0,0,0,3,0,0,0,1850183,右,森下 翔太,1900027,右,大西 広樹,三,直
2023-04-09,日本ハム,オリックス,1,1,1,0,0,0,0,0,0,0,0,0,0,1,0,0,2106284,左,矢澤 宏太,1860168,右,ニックス,,四球
2023-04-09,日本ハム,オリックス,1,1,2,0,0,0,0,0,0,1,0,0,0,1,0,1,1100095,右,松本 剛,1860168,右,ニックス,右,安
2023-04-09,日本ハム,オリックス,1,1,3,0,0,3,0,3,0,1,0,1,0,0,0,0,1700025,左,清宮 幸太郎,1860168,右,ニックス,右,本
2023-04-09,日本ハム,オリックス,1,1,4,3,0,4,0,1,0,0,0,0,0,0,0,0,1800091,右,野村 佑希,1860168,右,ニックス,中,本
2023-04-09,日本ハム,オリックス,1,1,5,4,0,4,0,0,0,0,0,0,1,0,0,0,1800093,右,万波 中正,1860168,右,ニックス,右,飛
2023-04-09,日本ハム,オリックス,1,1,6,4,0,4,0,0,1,0,0,0,1,0,0,0,1251037,左,上川畑 大悟,1860168,右,ニックス,,四球
2023-04-09,日本ハム,オリックス,1,1,7,4,0,4,0,0,2,0,0,0,2,0,1,0,1800008,右,マルティネス,1860168,右,ニックス,右,２
2023-04-09,日本ハム,オリックス,1,1,8,4,0,4,0,0,2,0,1,0,2,1,1,0,1200100,右,伏見 寅威,1860168,右,ニックス,,四球
2023-04-09,日本ハム,オリックス,1,1,9,4,0,4,0,0,2,1,1,0,3,0,0,0,1600134,左,石井 一成,1860168,右,ニックス,三,ゴロ
2023-04-09,日本ハム,オリックス,1,2,1,4,0,4,0,0,0,0,0,0,0,1,0,0,2107897,左,茶野 篤政,2107859,右,金村 尚真,中,安
2023-04-09,日本ハム,オリックス,1,2,2,4,0,4,0,0,0,1,0,0,0,1,1,0,1800098,右,太田 椋,2107859,右,金村 尚真,左,安
2023-04-09,日本ハム,オリックス,1,2,3,4,0,4,0,0,0,1,1,0,0,1,1,1,1300100,左,森 友哉,2107859,右,金村 尚真,左,安
2023-04-09,日本ハム,オリックス,1,2,4,4,0,4,0,0,0,1,1,1,1,1,1,1,1800099,右,頓宮 裕真,2107859,右,金村 尚真,遊,飛
2023-04-09,日本ハム,オリックス,1,2,5,4,0,4,1,1,1,1,1,1,1,1,1,1,1500135,右,杉本 裕太郎,2107859,右,金村 尚真,右,安
2023-04-09,日本ハム,オリックス,1,2,6,4,1,4,1,0,1,1,1,1,2,1,1,1,1800104,右,中川 圭太,2107859,右,金村 尚真,,空三振
2023-04-09,日本ハム,オリックス,1,2,7,4,1,4,1,0,2,1,1,1,3,0,0,0,1400196,左,宗 佑磨,2107859,右,金村 尚真,中,飛
2023-04-09,日本ハム,オリックス,2,1,1,4,1,4,1,0,0,0,0,0,1,0,0,0,2106284,左,矢澤 宏太,1860168,右,ニックス,,空三振
2023-04-09,日本ハム,オリックス,2,1,2,4,1,4,1,0,1,0,0,0,1,1,0,0,1100095,右,松本 剛,1860168,右,ニックス,,四球
2023-04-09,日本ハム,オリックス,2,1,3,4,1,4,1,0,1,1,0,0,2,1,0,0,1700025,左,清宮 幸太郎,1860168,右,ニックス,右,飛
2023-04-09,日本ハム,オリックス,2,1,4,4,1,4,1,0,2,1,0,0,3,0,0,0,1800091,右,野村 佑希,1860168,右,ニックス,二,飛
2023-04-09,日本ハム,オリックス,2,2,1,4,1,4,1,0,0,0,0,0,1,0,0,0,1160424,左,ゴンザレス,2107859,右,金村 尚真,中,飛
2023-04-09,日本ハム,オリックス,2,2,2,4,1,4,1,0,1,0,0,0,2,0,0,0,1751068,左,野口 智哉,2107859,右,金村 尚真,一,ゴロ
2023-04-09,日本ハム,オリックス,2,2,3,4,1,4,1,0,2,0,0,0,2,1,0,0,2107897,左,茶野 篤政,2107859,右,金村 尚真,中,安
2023-04-09,日本ハム,オリックス,2,2,4,4,1,4,1,0,2,1,0,0,3,0,0,0,1800098,右,太田 椋,2107859,右,金村 尚真,,空三振
2023-04-09,日本ハム,オリックス,3,1,1,4,1,5,1,1,0,0,0,0,0,0,0,0,1800093,右,万波 中正,1600150,右,山岡 泰輔,左,本
2023-04-09,日本ハム,オリックス,3,1,2,5,1,5,1,0,0,0,0,0,0,1,0,0,1251037,左,上川畑 大悟,1600150,右,山岡 泰輔,二,安
2023-04-09,日本ハム,オリックス,3,1,3,5,1,5,1,0,0,1,0,0,0,1,1,0,1800008,右,マルティネス,1600150,右,山岡 泰輔,左,安
2023-04-09,日本ハム,オリックス,3,1,4,5,1,5,1,0,0,1,1,0,1,0,1,1,1200100,右,伏見 寅威,1600150,右,山岡 泰輔,投,犠打
2023-04-09,日本ハム,オリックス,3,1,5,5,1,5,1,0,1,0,1,1,2,0,1,1,1600134,左,石井 一成,1600150,右,山岡 泰輔,一,ゴロ
2023-04-09,日本ハム,オリックス,3,1,6,5,1,7,1,2,2,0,1,1,2,0,1,0,2106284,左,矢澤 宏太,1600150,右,山岡 泰輔,中,安
2023-04-09,日本ハム,オリックス,3,1,7,7,1,7,1,0,2,0,1,0,2,1,1,0,1100095,右,松本 剛,1600150,右,山岡 泰輔,,四球
2023-04-09,日本ハム,オリックス,3,1,8,7,1,7,1,0,2,1,1,0,2,1,1,1,1700025,左,清宮 幸太郎,1600150,右,山岡 泰輔,,四球
2023-04-09,日本ハム,オリックス,3,1,9,7,1,7,1,0,2,1,1,1,3,0,0,0,1800091,右,野村 佑希,1600150,右,山岡 泰輔,,空三振
2023-04-09,日本ハム,オリックス,3,2,1,7,1,7,1,0,0,0,0,0,1,0,0,0,1300100,左,森 友哉,2107859,右,金村 尚真,三,ゴロ
2023-04-09,日本ハム,オリックス,3,2,2,7,1,7,1,0,1,0,0,0,2,0,0,0,1800099,右,頓宮 裕真,2107859,右,金村 尚真,三,ゴロ
2023-04-09,日本ハム,オリックス,3,2,3,7,1,7,1,0,2,0,0,0,3,0,0,0,1500135,右,杉本 裕太郎,2107859,右,金村 尚真,左,飛
2023-04-09,日本ハム,オリックス,4,1,1,7,1,7,1,0,0,0,0,0,1,0,0,0,1800093,右,万波 中正,1600150,右,山岡 泰輔,,空三振
2023-04-09,日本ハム,オリックス,4,1,2,7,1,7,1,0,1,0,0,0,2,0,0,0,1251037,左,上川畑 大悟,1600150,右,山岡 泰輔,左,飛
2023-04-09,日本ハム,オリックス,4,1,3,7,1,7,1,0,2,0,0,0,3,0,0,0,1800008,右,マルティネス,1600150,右,山岡 泰輔,右,飛
2023-04-09,日本ハム,オリックス,4,2,1,7,1,7,1,0,0,0,0,0,1,0,0,0,1800104,右,中川 圭太,2107859,右,金村 尚真,遊,ゴロ
2023-04-09,日本ハム,オリックス,4,2,2,7,1,7,1,0,1,0,0,0,2,0,0,0,1400196,左,宗 佑磨,2107859,右,金村 尚真,中,飛
2023-04-09,日本ハム,オリックス,4,2,3,7,1,7,1,0,2,0,0,0,2,1,0,0,1160424,左,ゴンザレス,2107859,右,金村 尚真,中,安
2023-04-09,日本ハム,オリックス,4,2,4,7,1,7,1,0,2,1,0,0,3,0,0,0,1751068,左,野口 智哉,2107859,右,金村 尚真,,空三振
2023-04-09,日本ハム,オリックス,5,1,1,7,1,7,1,0,0,0,0,0,1,0,0,0,1200100,右,伏見 寅威,1600150,右,山岡 泰輔,二,直
2023-04-09,日本ハム,オリックス,5,1,2,7,1,7,1,0,1,0,0,0,2,0,0,0,1600134,左,石井 一成,1600150,右,山岡 泰輔,,空三振
2023-04-09,日本ハム,オリックス,5,1,3,7,1,7,1,0,2,0,0,0,3,0,0,0,2106284,左,矢澤 宏太,1600150,右,山岡 泰輔,投,ゴロ
2023-04-09,日本ハム,オリックス,5,2,1,7,1,7,1,0,0,0,0,0,1,0,0,0,2107897,左,茶野 篤政,2107859,右,金村 尚真,,空三振
2023-04-09,日本ハム,オリックス,5,2,2,7,1,7,1,0,1,0,0,0,2,0,0,0,1800098,右,太田 椋,2107859,右,金村 尚真,二,ゴロ
2023-04-09,日本ハム,オリックス,5,2,3,7,1,7,1,0,2,0,0,0,2,1,0,0,1300100,左,森 友哉,2107859,右,金村 尚真,中,安
2023-04-09,日本ハム,オリックス,5,2,4,7,1,7,1,0,2,1,0,0,3,0,0,0,1800099,右,頓宮 裕真,2107859,右,金村 尚真,捕,邪飛
2023-04-09,日本ハム,オリックス,6,1,1,7,1,7,1,0,0,0,0,0,1,0,0,0,1100095,右,松本 剛,1600150,右,山岡 泰輔,遊,ゴロ
2023-04-09,日本ハム,オリックス,6,1,2,7,1,7,1,0,1,0,0,0,1,1,0,0,1700025,左,清宮 幸太郎,1600150,右,山岡 泰輔,左,安
2023-04-09,日本ハム,オリックス,6,1,3,7,1,7,1,0,1,1,0,0,2,1,0,0,1800091,右,野村 佑希,1600150,右,山岡 泰輔,右,飛
2023-04-09,日本ハム,オリックス,6,1,4,7,1,7,1,0,2,1,0,0,3,0,0,0,1800093,右,万波 中正,1600150,右,山岡 泰輔,,空三振
2023-04-09,日本ハム,オリックス,6,2,1,7,1,7,1,0,0,0,0,0,1,0,0,0,1500135,右,杉本 裕太郎,2107859,右,金村 尚真,,空三振
2023-04-09,日本ハム,オリックス,6,2,2,7,1,7,1,0,1,0,0,0,2,0,0,0,1800104,右,中川 圭太,2107859,右,金村 尚真,,空三振
2023-04-09,日本ハム,オリックス,6,2,3,7,1,7,1,0,2,0,0,0,2,1,0,0,1400196,左,宗 佑磨,2107859,右,金村 尚真,左,安
2023-04-09,日本ハム,オリックス,6,2,4,7,1,7,1,0,2,1,0,0,3,0,0,0,1160424,左,ゴンザレス,2107859,右,金村 尚真,三,邪飛
2023-04-09,日本ハム,オリックス,7,1,1,7,1,7,1,0,0,0,0,0,1,0,0,0,1251037,左,上川畑 大悟,1600150,右,山岡 泰輔,,空三振
2023-04-09,日本ハム,オリックス,7,1,2,7,1,7,1,0,1,0,0,0,2,0,0,0,1800008,右,マルティネス,1600150,右,山岡 泰輔,遊,ゴロ
2023-04-09,日本ハム,オリックス,7,1,3,7,1,7,1,0,2,0,0,0,2,1,0,0,1200100,右,伏見 寅威,1600150,右,山岡 泰輔,,死球
2023-04-09,日本ハム,オリックス,7,1,4,7,1,7,1,0,2,1,0,0,3,0,0,0,1900084,左,福田 光輝,1600150,右,山岡 泰輔,,空三振
2023-04-09,日本ハム,オリックス,7,2,1,7,1,7,1,0,0,0,0,0,1,0,0,0,1400201,左,西野 真弘,2107859,右,金村 尚真,左,飛
2023-04-09,日本ハム,オリックス,7,2,2,7,1,7,1,0,1,0,0,0,1,1,0,0,2107897,左,茶野 篤政,2107859,右,金村 尚真,右,安
2023-04-09,日本ハム,オリックス,7,2,3,7,1,7,1,0,1,1,0,0,1,1,1,0,1800098,右,太田 椋,2107859,右,金村 尚真,,四球
2023-04-09,日本ハム,オリックス,7,2,4,7,1,7,1,0,1,1,1,0,1,1,1,1,1300100,左,森 友哉,800052,左,宮西 尚生,右,安
2023-04-09,日本ハム,オリックス,7,2,5,7,1,7,1,0,1,1,1,1,2,1,1,1,1800099,右,頓宮 裕真,1600139,右,玉井 大翔,一,飛
2023-04-09,日本ハム,オリックス,7,2,6,7,1,7,2,1,2,1,1,1,2,1,1,1,1500135,右,杉本 裕太郎,1600139,右,玉井 大翔,,死球
2023-04-09,日本ハム,オリックス,7,2,7,7,2,7,2,0,2,1,1,1,3,0,0,0,1800104,右,中川 圭太,1600139,右,玉井 大翔,三,ゴロ
2023-04-09,日本ハム,オリックス,8,1,1,7,2,7,2,0,0,0,0,0,0,1,0,0,2106284,左,矢澤 宏太,1600150,右,山岡 泰輔,,暴振逃
2023-04-09,日本ハム,オリックス,8,1,2,7,2,7,2,0,0,1,0,0,1,1,0,0,1100095,右,松本 剛,1600150,右,山岡 泰輔,二,飛
2023-04-09,日本ハム,オリックス,8,1,3,7,2,7,2,0,1,1,0,0,2,1,0,0,1700025,左,清宮 幸太郎,1600150,右,山岡 泰輔,左,邪飛
2023-04-09,日本ハム,オリックス,8,1,4,7,2,7,2,0,2,1,0,0,2,1,1,0,1800091,右,野村 佑希,1600150,右,山岡 泰輔,左,安
2023-04-09,日本ハム,オリックス,8,1,5,7,2,7,2,0,2,1,1,0,2,1,1,1,1800093,右,万波 中正,1600150,右,山岡 泰輔,,四球
2023-04-09,日本ハム,オリックス,8,1,6,7,2,7,2,0,2,1,1,1,3,0,0,0,1251037,左,上川畑 大悟,1800105,右,漆原 大晟,一,直
2023-04-09,日本ハム,オリックス,8,2,1,7,2,7,2,0,0,0,0,0,1,0,0,0,1400196,左,宗 佑磨,1700140,右,ロドリゲス,遊,ゴロ
2023-04-09,日本ハム,オリックス,8,2,2,7,2,7,2,0,1,0,0,0,2,0,0,0,1160424,左,ゴンザレス,1700140,右,ロドリゲス,左,飛
2023-04-09,日本ハム,オリックス,8,2,3,7,2,7,2,0,2,0,0,0,2,1,0,0,1400201,左,西野 真弘,1700140,右,ロドリゲス,右,安
2023-04-09,日本ハム,オリックス,8,2,4,7,2,7,2,0,2,1,0,0,3,0,0,0,2107897,左,茶野 篤政,1700140,右,ロドリゲス,遊,ゴロ
2023-04-09,日本ハム,オリックス,9,1,1,7,2,7,2,0,0,0,0,0,1,0,0,0,1800008,右,マルティネス,1800105,右,漆原 大晟,右,飛
2023-04-09,日本ハム,オリックス,9,1,2,7,2,7,2,0,1,0,0,0,2,0,0,0,1200100,右,伏見 寅威,1800105,右,漆原 大晟,二,ゴロ
2023-04-09,日本ハム,オリックス,9,1,3,7,2,7,2,0,2,0,0,0,3,0,0,0,1900084,左,福田 光輝,1800105,右,漆原 大晟,二,ゴロ
2023-04-09,日本ハム,オリックス,9,2,1,7,2,7,2,0,0,0,0,0,1,0,0,0,1800098,右,太田 椋,1400120,右,石川 直也,,空三振
2023-04-09,日本ハム,オリックス,9,2,2,7,2,7,2,0,1,0,0,0,2,0,0,0,1300109,右,若月 健矢,1400120,右,石川 直也,二,ゴロ
2023-04-09,日本ハム,オリックス,9,2,3,7,2,7,2,0,2,0,0,0,3,0,0,0,1800099,右,頓宮 裕真,1400120,右,石川 直也,,空三振
2023-04-09,楽天,ロッテ,1,1,1,0,0,0,0,0,0,0,0,0,0,1,0,0,1800117,左,辰己 涼介,1600146,右,種市 篤暉,,四球
2023-04-09,楽天,ロッテ,1,1,2,0,0,0,0,0,0,1,0,0,2,0,0,0,1900112,左,小深田 大翔,1600146,右,種市 篤暉,一,併打
2023-04-09,楽天,ロッテ,1,1,3,0,0,0,0,0,2,0,0,0,3,0,0,0,900056,右,浅村 栄斗,1600146,右,種市 篤暉,,見三振
2023-04-09,楽天,ロッテ,1,2,1,0,0,0,0,0,0,0,0,0,1,0,0,0,1800050,左,藤原 恭大,700065,右,岸 孝之,,空三振
2023-04-09,楽天,ロッテ,1,2,2,0,0,0,0,0,1,0,0,0,1,0,1,0,1700093,左,藤岡 裕大,700065,右,岸 孝之,右,２
2023-04-09,楽天,ロッテ,1,2,3,0,0,0,0,0,1,0,1,0,2,0,0,1,1400188,右,中村 奨吾,700065,右,岸 孝之,二,ゴロ
2023-04-09,楽天,ロッテ,1,2,4,0,0,0,0,0,2,0,0,1,2,1,0,1,1800053,右,山口 航輝,700065,右,岸 孝之,,四球
2023-04-09,楽天,ロッテ,1,2,5,0,0,0,0,0,2,1,0,1,2,1,1,1,1460080,左,ポランコ,700065,右,岸 孝之,,四球
2023-04-09,楽天,ロッテ,1,2,6,0,0,0,2,2,2,1,1,1,2,0,1,1,1700092,左,安田 尚憲,700065,右,岸 孝之,右,２
2023-04-09,楽天,ロッテ,1,2,7,0,2,0,2,0,2,0,1,1,3,0,0,0,1300044,右,岡 大海,700065,右,岸 孝之,,見三振
2023-04-09,楽天,ロッテ,2,1,1,0,2,0,2,0,0,0,0,0,1,0,0,0,1460250,右,フランコ,1600146,右,種市 篤暉,,空三振
2023-04-09,楽天,ロッテ,2,1,2,0,2,0,2,0,1,0,0,0,2,0,0,0,1100132,左,島内 宏明,1600146,右,種市 篤暉,,空三振
2023-04-09,楽天,ロッテ,2,1,3,0,2,0,2,0,2,0,0,0,2,0,1,0,1600003,左,茂木 栄五郎,1600146,右,種市 篤暉,左,安
2023-04-09,楽天,ロッテ,2,1,4,0,2,0,2,0,2,0,1,0,3,0,0,0,1500078,右,阿部 寿樹,1600146,右,種市 篤暉,,見三振
2023-04-09,楽天,ロッテ,2,2,1,0,2,0,2,0,0,0,0,0,1,0,0,0,1900081,左,佐藤 都志也,700065,右,岸 孝之,,空三振
2023-04-09,楽天,ロッテ,2,2,2,0,2,0,2,0,1,0,0,0,1,1,0,0,1500117,左,平沢 大河,700065,右,岸 孝之,右,安
2023-04-09,楽天,ロッテ,2,2,3,0,2,0,3,1,1,1,0,0,1,0,1,0,1800050,左,藤原 恭大,700065,右,岸 孝之,中,２
2023-04-09,楽天,ロッテ,2,2,4,0,3,0,3,0,1,0,1,0,1,1,1,0,1700093,左,藤岡 裕大,700065,右,岸 孝之,,四球
2023-04-09,楽天,ロッテ,2,2,5,0,3,0,4,1,1,1,1,0,1,1,1,0,1400188,右,中村 奨吾,700065,右,岸 孝之,左,安
2023-04-09,楽天,ロッテ,2,2,6,0,4,0,4,0,1,1,1,0,2,1,1,0,1800053,右,山口 航輝,700065,右,岸 孝之,左,飛
2023-04-09,楽天,ロッテ,2,2,7,0,4,0,5,1,2,1,1,0,2,1,1,0,1460080,左,ポランコ,700065,右,岸 孝之,中,安
2023-04-09,楽天,ロッテ,2,2,8,0,5,0,6,1,2,1,1,0,2,1,0,1,1700092,左,安田 尚憲,700065,右,岸 孝之,右,安
2023-04-09,楽天,ロッテ,2,2,9,0,6,0,6,0,2,1,0,1,3,0,0,0,1300044,右,岡 大海,700065,右,岸 孝之,中,飛
2023-04-09,楽天,ロッテ,3,1,1,0,6,0,6,0,0,0,0,0,1,0,0,0,1700034,左,山﨑 剛,1600146,右,種市 篤暉,中,飛
2023-04-09,楽天,ロッテ,3,1,2,0,6,0,6,0,1,0,0,0,2,0,0,0,600026,右,炭谷 銀仁朗,1600146,右,種市 篤暉,,空三振
2023-04-09,楽天,ロッテ,3,1,3,0,6,0,6,0,2,0,0,0,3,0,0,0,1800117,左,辰己 涼介,1600146,右,種市 篤暉,三,ゴロ
2023-04-09,楽天,ロッテ,3,2,1,0,6,0,6,0,0,0,0,0,1,0,0,0,1900081,左,佐藤 都志也,2000126,右,内 星龍,,空三振
2023-04-09,楽天,ロッテ,3,2,2,0,6,0,6,0,1,0,0,0,2,0,0,0,1500117,左,平沢 大河,2000126,右,内 星龍,中,飛
2023-04-09,楽天,ロッテ,3,2,3,0,6,0,6,0,2,0,0,0,3,0,0,0,1800050,左,藤原 恭大,2000126,右,内 星龍,,空三振
2023-04-09,楽天,ロッテ,4,1,1,0,6,0,6,0,0,0,0,0,1,0,0,0,1900112,左,小深田 大翔,1600146,右,種市 篤暉,,空三振
2023-04-09,楽天,ロッテ,4,1,2,0,6,0,6,0,1,0,0,0,1,1,0,0,900056,右,浅村 栄斗,1600146,右,種市 篤暉,,四球
2023-04-09,楽天,ロッテ,4,1,3,0,6,0,6,0,1,1,0,0,2,1,0,0,1460250,右,フランコ,1600146,右,種市 篤暉,三,邪飛
2023-04-09,楽天,ロッテ,4,1,4,0,6,0,6,0,2,1,0,0,3,0,0,0,1100132,左,島内 宏明,1600146,右,種市 篤暉,右,飛
2023-04-09,楽天,ロッテ,4,2,1,0,6,0,6,0,0,0,0,0,1,0,0,0,1700093,左,藤岡 裕大,2000126,右,内 星龍,中,飛
2023-04-09,楽天,ロッテ,4,2,2,0,6,0,6,0,1,0,0,0,2,0,0,0,1400188,右,中村 奨吾,2000126,右,内 星龍,,空三振
2023-04-09,楽天,ロッテ,4,2,3,0,6,0,6,0,2,0,0,0,3,0,0,0,1800053,右,山口 航輝,2000126,右,内 星龍,一,邪飛
2023-04-09,楽天,ロッテ,5,1,1,0,6,0,6,0,0,0,0,0,1,0,0,0,1600003,左,茂木 栄五郎,1600146,右,種市 篤暉,左,飛
2023-04-09,楽天,ロッテ,5,1,2,0,6,0,6,0,1,0,0,0,2,0,0,0,1500078,右,阿部 寿樹,1600146,右,種市 篤暉,右,飛
2023-04-09,楽天,ロッテ,5,1,3,0,6,0,6,0,2,0,0,0,2,1,0,0,1700034,左,山﨑 剛,1600146,右,種市 篤暉,,四球
2023-04-09,楽天,ロッテ,5,1,4,0,6,0,6,0,2,1,0,0,3,0,0,0,2103740,左,安田 悠馬,1600146,右,種市 篤暉,二,ゴロ
2023-04-09,楽天,ロッテ,5,2,1,0,6,0,6,0,0,0,0,0,1,0,0,0,1460080,左,ポランコ,2000126,右,内 星龍,,空三振
2023-04-09,楽天,ロッテ,5,2,2,0,6,0,6,0,1,0,0,0,2,0,0,0,1700092,左,安田 尚憲,2000126,右,内 星龍,中,飛
2023-04-09,楽天,ロッテ,5,2,3,0,6,0,6,0,2,0,0,0,3,0,0,0,1300044,右,岡 大海,2000126,右,内 星龍,遊,ゴロ
2023-04-09,楽天,ロッテ,6,1,1,0,6,0,6,0,0,0,0,0,1,0,0,0,1800117,左,辰己 涼介,1600146,右,種市 篤暉,,空三振
2023-04-09,楽天,ロッテ,6,1,2,0,6,0,6,0,1,0,0,0,2,0,0,0,1900112,左,小深田 大翔,1600146,右,種市 篤暉,中,飛
2023-04-09,楽天,ロッテ,6,1,3,0,6,0,6,0,2,0,0,0,3,0,0,0,900056,右,浅村 栄斗,1600146,右,種市 篤暉,投,ゴロ
2023-04-09,楽天,ロッテ,6,2,1,0,6,0,6,0,0,0,0,0,0,0,1,0,1900081,左,佐藤 都志也,1800124,左,鈴木 翔天,中,２
2023-04-09,楽天,ロッテ,6,2,2,0,6,0,6,0,0,0,1,0,1,0,1,0,1500117,左,平沢 大河,1800124,左,鈴木 翔天,投,ゴロ
2023-04-09,楽天,ロッテ,6,2,3,0,6,0,6,0,1,0,1,0,1,1,1,0,1800050,左,藤原 恭大,1800124,左,鈴木 翔天,,四球
2023-04-09,楽天,ロッテ,6,2,4,0,6,0,6,0,1,1,1,0,2,0,1,1,1500141,右,茶谷 健太,1800124,左,鈴木 翔天,右,飛
2023-04-09,楽天,ロッテ,6,2,5,0,6,0,6,0,2,0,1,1,2,1,1,1,1400188,右,中村 奨吾,2105038,右,伊藤 茉央,,死球
2023-04-09,楽天,ロッテ,6,2,6,0,6,0,7,1,2,1,1,1,2,1,1,1,1800053,右,山口 航輝,2105038,右,伊藤 茉央,,四球
2023-04-09,楽天,ロッテ,6,2,7,0,7,0,7,0,2,1,1,1,3,0,0,0,1460080,左,ポランコ,2105038,右,伊藤 茉央,,空三振
2023-04-09,楽天,ロッテ,7,1,1,0,7,0,7,0,0,0,0,0,1,0,0,0,1460250,右,フランコ,1700026,右,西村 天裕,三,飛
2023-04-09,楽天,ロッテ,7,1,2,0,7,0,7,0,1,0,0,0,1,1,0,0,1100132,左,島内 宏明,1700026,右,西村 天裕,中,安
2023-04-09,楽天,ロッテ,7,1,3,0,7,0,7,0,1,1,0,0,3,0,0,0,1600003,左,茂木 栄五郎,1700026,右,西村 天裕,二,併打
2023-04-09,楽天,ロッテ,7,2,1,0,7,0,8,1,0,0,0,0,0,0,0,0,1700092,左,安田 尚憲,1400139,右,安樂 智大,右中,本
2023-04-09,楽天,ロッテ,7,2,2,0,8,0,8,0,0,0,0,0,1,0,0,0,1300044,右,岡 大海,1400139,右,安樂 智大,遊,ゴロ
2023-04-09,楽天,ロッテ,7,2,3,0,8,0,8,0,1,0,0,0,1,1,0,0,1900097,右,大下 誠一郎,1400139,右,安樂 智大,,死球
2023-04-09,楽天,ロッテ,7,2,4,0,8,0,8,0,1,1,0,0,2,0,1,0,1500117,左,平沢 大河,1400139,右,安樂 智大,一,ゴロ
2023-04-09,楽天,ロッテ,7,2,5,0,8,0,10,2,2,0,1,0,2,0,0,0,1800050,左,藤原 恭大,1400139,右,安樂 智大,右,本
2023-04-09,楽天,ロッテ,7,2,6,0,10,0,10,0,2,0,0,0,3,0,0,0,1500141,右,茶谷 健太,1400139,右,安樂 智大,,見三振
2023-04-09,楽天,ロッテ,8,1,1,0,10,0,10,0,0,0,0,0,1,0,0,0,1800123,左,小郷 裕哉,1700026,右,西村 天裕,一,ゴロ
2023-04-09,楽天,ロッテ,8,1,2,0,10,0,10,0,1,0,0,0,2,0,0,0,1700034,左,山﨑 剛,1700026,右,西村 天裕,遊,ゴロ
2023-04-09,楽天,ロッテ,8,1,3,0,10,0,10,0,2,0,0,0,2,0,1,0,2103740,左,安田 悠馬,1700026,右,西村 天裕,中,安
2023-04-09,楽天,ロッテ,8,1,4,0,10,0,10,0,2,0,1,0,3,0,0,0,1800117,左,辰己 涼介,1700026,右,西村 天裕,二,ゴロ
2023-04-09,楽天,ロッテ,8,2,1,0,10,0,10,0,0,0,0,0,1,0,0,0,2000089,左,小川 龍成,1800120,左,弓削 隼人,遊,飛
2023-04-09,楽天,ロッテ,8,2,2,0,10,0,10,0,1,0,0,0,2,0,0,0,2100346,右,松川 虎生,1800120,左,弓削 隼人,投,ゴロ
2023-04-09,楽天,ロッテ,8,2,3,0,10,0,10,0,2,0,0,0,3,0,0,0,1300054,右,井上 晴哉,1800120,左,弓削 隼人,右,飛
2023-04-09,楽天,ロッテ,9,1,1,0,10,1,10,1,0,0,0,0,0,0,0,0,1900113,左,黒川 史陽,1900083,右,横山 陸人,右中,本
2023-04-09,楽天,ロッテ,9,1,2,1,10,1,10,0,0,0,0,0,1,0,0,0,900056,右,浅村 栄斗,1900083,右,横山 陸人,中,飛
2023-04-09,楽天,ロッテ,9,1,3,1,10,1,10,0,1,0,0,0,2,0,0,0,1460250,右,フランコ,1900083,右,横山 陸人,,見三振
2023-04-09,楽天,ロッテ,9,1,4,1,10,1,10,0,2,0,0,0,3,0,0,0,1800122,左,渡邊 佳明,1900083,右,横山 陸人,左,飛
2023-04-09,西武,ソフトバンク,1,1,1,0,0,0,0,0,0,0,0,0,1,0,0,0,1500102,右,愛斗,1400176,右,藤井 皓哉,,空三振
2023-04-09,西武,ソフトバンク,1,1,2,0,0,0,0,0,1,0,0,0,2,0,0,0,2105684,右,児玉 亮涼,1400176,右,藤井 皓哉,,空三振
2023-04-09,西武,ソフトバンク,1,1,3,0,0,0,0,0,2,0,0,0,3,0,0,0,2108196,右,マキノン,1400176,右,藤井 皓哉,,空三振
2023-04-09,西武,ソフトバンク,1,2,1,0,0,0,0,0,0,0,0,0,1,0,0,0,1700135,左,周東 佑京,1961288,左,エンス,,空三振
2023-04-09,西武,ソフトバンク,1,2,2,0,0,0,0,0,1,0,0,0,2,0,0,0,1100097,左,近藤 健介,1961288,左,エンス,一,ゴロ
2023-04-09,西武,ソフトバンク,1,2,3,0,0,0,0,0,2,0,0,0,3,0,0,0,1000128,左,柳田 悠岐,1961288,左,エンス,左,飛
2023-04-09,西武,ソフトバンク,2,1,1,0,0,0,0,0,0,0,0,0,1,0,0,0,1800086,右,佐藤 龍世,1400176,右,藤井 皓哉,三,ゴロ
2023-04-09,西武,ソフトバンク,2,1,2,0,0,0,0,0,1,0,0,0,2,0,0,0,12102,左,栗山 巧,1400176,右,藤井 皓哉,,空三振
2023-04-09,西武,ソフトバンク,2,1,3,0,0,0,0,0,2,0,0,0,3,0,0,0,1961286,左,ペイトン,1400176,右,藤井 皓哉,,空三振
2023-04-09,西武,ソフトバンク,2,2,1,0,0,0,0,0,0,0,0,0,1,0,0,0,1400127,左,栗原 陵矢,1961288,左,エンス,左,飛
2023-04-09,西武,ソフトバンク,2,2,2,0,0,0,0,0,1,0,0,0,2,0,0,0,1000175,左,牧原 大成,1961288,左,エンス,左,飛
2023-04-09,西武,ソフトバンク,2,2,3,0,0,0,0,0,2,0,0,0,3,0,0,0,1000035,右,今宮 健太,1961288,左,エンス,左,飛
2023-04-09,西武,ソフトバンク,3,1,1,0,0,0,0,0,0,0,0,0,1,0,0,0,1500112,左,平沼 翔太,1400176,右,藤井 皓哉,一,ゴロ
2023-04-09,西武,ソフトバンク,3,1,2,0,0,0,0,0,1,0,0,0,2,0,0,0,1750472,右,古賀 悠斗,1400176,右,藤井 皓哉,,空三振
2023-04-09,西武,ソフトバンク,3,1,3,0,0,0,0,0,2,0,0,0,2,1,0,0,1200083,左,金子 侑司,1400176,右,藤井 皓哉,,四球
2023-04-09,西武,ソフトバンク,3,1,4,0,0,0,0,0,2,1,0,0,3,0,0,0,1500102,右,愛斗,1400176,右,藤井 皓哉,,空三振
2023-04-09,西武,ソフトバンク,3,2,1,0,0,0,0,0,0,0,0,0,0,1,0,0,800081,左,中村 晃,1961288,左,エンス,左,安
2023-04-09,西武,ソフトバンク,3,2,2,0,0,0,0,0,0,1,0,0,1,1,0,0,2103735,右,正木 智也,1961288,左,エンス,三,ゴロ
2023-04-09,西武,ソフトバンク,3,2,3,0,0,0,0,0,1,1,0,0,1,1,1,0,1000176,右,甲斐 拓也,1961288,左,エンス,三,安
2023-04-09,西武,ソフトバンク,3,2,4,0,0,0,0,0,1,1,1,0,3,0,0,0,1700135,左,周東 佑京,1961288,左,エンス,二,併打
2023-04-09,西武,ソフトバンク,4,1,1,0,0,0,0,0,0,0,0,0,0,1,0,0,2105684,右,児玉 亮涼,1400176,右,藤井 皓哉,中,安
2023-04-09,西武,ソフトバンク,4,1,2,0,0,0,0,0,0,1,0,0,1,0,0,0,2108196,右,マキノン,1400176,右,藤井 皓哉,右,飛
2023-04-09,西武,ソフトバンク,4,1,3,0,0,0,0,0,2,0,0,0,2,1,0,0,1800086,右,佐藤 龍世,1400176,右,藤井 皓哉,,四球
2023-04-09,西武,ソフトバンク,4,1,4,0,0,0,0,0,2,1,0,0,3,0,0,0,12102,左,栗山 巧,1400176,右,藤井 皓哉,遊,飛
2023-04-09,西武,ソフトバンク,4,2,1,0,0,0,0,0,0,0,0,0,0,1,0,0,1100097,左,近藤 健介,1961288,左,エンス,右,安
2023-04-09,西武,ソフトバンク,4,2,2,0,0,0,0,0,0,1,0,0,0,1,1,0,1000128,左,柳田 悠岐,1961288,左,エンス,中,安
2023-04-09,西武,ソフトバンク,4,2,3,0,0,0,0,0,0,1,1,0,1,1,0,1,1400127,左,栗原 陵矢,1961288,左,エンス,二,ゴロ
2023-04-09,西武,ソフトバンク,4,2,4,0,0,0,0,0,1,1,0,1,1,1,1,1,1000175,左,牧原 大成,1961288,左,エンス,,死球
2023-04-09,西武,ソフトバンク,4,2,5,0,0,0,1,1,1,1,1,1,2,1,1,0,1000035,右,今宮 健太,1961288,左,エンス,中,犠飛
2023-04-09,西武,ソフトバンク,4,2,6,0,1,0,1,0,2,1,1,0,2,1,1,1,800081,左,中村 晃,1961288,左,エンス,,四球
2023-04-09,西武,ソフトバンク,4,2,7,0,1,0,2,1,2,1,1,1,2,1,1,1,2103735,右,正木 智也,1961288,左,エンス,,四球
2023-04-09,西武,ソフトバンク,4,2,8,0,2,0,3,1,2,1,1,1,2,1,1,1,1000176,右,甲斐 拓也,1961288,左,エンス,,四球
2023-04-09,西武,ソフトバンク,4,2,9,0,3,0,3,0,2,1,1,1,3,0,0,0,1700135,左,周東 佑京,1500104,右,本田 圭佑,遊,ゴロ
2023-04-09,西武,ソフトバンク,5,1,1,0,3,0,3,0,0,0,0,0,1,0,0,0,1961286,左,ペイトン,1400176,右,藤井 皓哉,一,ゴロ
2023-04-09,西武,ソフトバンク,5,1,2,0,3,0,3,0,1,0,0,0,2,0,0,0,1500112,左,平沼 翔太,1400176,右,藤井 皓哉,一,ゴロ
2023-04-09,西武,ソフトバンク,5,1,3,0,3,0,3,0,2,0,0,0,3,0,0,0,1750472,右,古賀 悠斗,1400176,右,藤井 皓哉,右,飛
2023-04-09,西武,ソフトバンク,5,2,1,0,3,0,3,0,0,0,0,0,0,1,0,0,1100097,左,近藤 健介,1500104,右,本田 圭佑,右,安
2023-04-09,西武,ソフトバンク,5,2,2,0,3,0,3,0,0,1,0,0,0,1,1,0,1000128,左,柳田 悠岐,1500104,右,本田 圭佑,右,安
2023-04-09,西武,ソフトバンク,5,2,3,0,3,0,3,0,0,1,1,0,1,1,1,0,1400127,左,栗原 陵矢,1500104,右,本田 圭佑,捕,邪飛
2023-04-09,西武,ソフトバンク,5,2,4,0,3,0,3,0,1,1,1,0,2,1,1,0,1160568,左,ガルビス,1500104,右,本田 圭佑,,空三振
2023-04-09,西武,ソフトバンク,5,2,5,0,3,0,3,0,2,1,1,0,3,0,0,0,1000035,右,今宮 健太,1500104,右,本田 圭佑,右,飛
2023-04-09,西武,ソフトバンク,6,1,1,0,3,0,3,0,0,0,0,0,1,0,0,0,1200083,左,金子 侑司,1400176,右,藤井 皓哉,,空三振
2023-04-09,西武,ソフトバンク,6,1,2,0,3,0,3,0,1,0,0,0,2,0,0,0,1500102,右,愛斗,1400176,右,藤井 皓哉,中,飛
2023-04-09,西武,ソフトバンク,6,1,3,0,3,0,3,0,2,0,0,0,2,1,0,0,2105684,右,児玉 亮涼,1400176,右,藤井 皓哉,遊,安
2023-04-09,西武,ソフトバンク,6,1,4,0,3,0,3,0,2,1,0,0,2,1,1,0,2108196,右,マキノン,1400176,右,藤井 皓哉,,四球
2023-04-09,西武,ソフトバンク,6,1,5,0,3,0,3,0,2,1,1,0,2,1,1,1,1800086,右,佐藤 龍世,1400176,右,藤井 皓哉,,死球
2023-04-09,西武,ソフトバンク,6,1,6,0,3,0,3,0,2,1,1,1,3,0,0,0,12102,左,栗山 巧,1100119,左,嘉弥真 新也,二,ゴロ
2023-04-09,西武,ソフトバンク,6,2,1,0,3,0,3,0,0,0,0,0,0,1,0,0,800081,左,中村 晃,2000078,右,水上 由伸,,四球
2023-04-09,西武,ソフトバンク,6,2,2,0,3,0,3,0,0,1,0,0,1,1,0,0,2103735,右,正木 智也,2000078,右,水上 由伸,三,邪飛
2023-04-09,西武,ソフトバンク,6,2,3,0,3,0,3,0,1,1,0,0,1,1,1,0,1000176,右,甲斐 拓也,2000078,右,水上 由伸,中,安
2023-04-09,西武,ソフトバンク,6,2,4,0,3,0,3,0,1,1,1,0,1,1,1,1,1700135,左,周東 佑京,2000078,右,水上 由伸,,四球
2023-04-09,西武,ソフトバンク,6,2,5,0,3,0,3,0,1,1,1,1,3,0,0,0,1100097,左,近藤 健介,2000078,右,水上 由伸,二,併打
2023-04-09,西武,ソフトバンク,7,1,1,0,3,0,3,0,0,0,0,0,0,1,0,0,1961286,左,ペイトン,1300063,右,又吉 克樹,,四球
2023-04-09,西武,ソフトバンク,7,1,2,0,3,0,3,0,0,1,0,0,1,0,1,0,1500112,左,平沼 翔太,1300063,右,又吉 克樹,投,ゴロ
2023-04-09,西武,ソフトバンク,7,1,3,0,3,0,3,0,1,0,1,0,2,0,1,0,1600130,左,鈴木 将平,1300063,右,又吉 克樹,中,飛
2023-04-09,西武,ソフトバンク,7,1,4,0,3,0,3,0,2,0,1,0,3,0,0,0,12101,右,中村 剛也,1300063,右,又吉 克樹,左,飛
2023-04-09,西武,ソフトバンク,7,2,1,0,3,0,3,0,0,0,0,0,1,0,0,0,1000128,左,柳田 悠岐,1600131,右,平井 克典,遊,ゴロ
2023-04-09,西武,ソフトバンク,7,2,2,0,3,0,3,0,1,0,0,0,2,0,0,0,1400127,左,栗原 陵矢,1600131,右,平井 克典,,空三振
2023-04-09,西武,ソフトバンク,7,2,3,0,3,0,3,0,2,0,0,0,3,0,0,0,1500143,左,川瀬 晃,1600131,右,平井 克典,捕,邪飛
2023-04-09,西武,ソフトバンク,8,1,1,0,3,0,3,0,0,0,0,0,0,1,0,0,1500102,右,愛斗,1900102,右,津森 宥紀,中,安
2023-04-09,西武,ソフトバンク,8,1,2,0,3,0,3,0,0,1,0,0,0,0,1,1,2105684,右,児玉 亮涼,1900102,右,津森 宥紀,左,安
2023-04-09,西武,ソフトバンク,8,1,3,0,3,0,3,0,0,0,1,1,1,0,1,1,2108196,右,マキノン,1900102,右,津森 宥紀,,見三振
2023-04-09,西武,ソフトバンク,8,1,4,0,3,1,3,1,1,0,1,1,2,0,1,0,1800086,右,佐藤 龍世,1900102,右,津森 宥紀,左,犠飛
2023-04-09,西武,ソフトバンク,8,1,5,1,3,1,3,0,2,0,1,0,2,1,1,0,12102,左,栗山 巧,1900102,右,津森 宥紀,,四球
2023-04-09,西武,ソフトバンク,8,1,6,1,3,1,3,0,2,1,1,0,3,0,0,0,1961286,左,ペイトン,1900102,右,津森 宥紀,捕,邪飛
2023-04-09,西武,ソフトバンク,8,2,1,1,3,1,3,0,0,0,0,0,0,1,0,0,1000035,右,今宮 健太,2000071,右,大曲 錬,中,安
2023-04-09,西武,ソフトバンク,8,2,2,1,3,1,3,0,0,1,0,0,2,0,0,0,800081,左,中村 晃,2000071,右,大曲 錬,二,併打
2023-04-09,西武,ソフトバンク,8,2,3,1,3,1,3,0,2,0,0,0,3,0,0,0,1860201,右,アストゥディーヨ,2000071,右,大曲 錬,遊,ゴロ
2023-04-09,西武,ソフトバンク,9,1,1,1,3,1,3,0,0,0,0,0,1,0,0,0,1500112,左,平沼 翔太,1560184,右,オスナ,左,飛
2023-04-09,西武,ソフトバンク,9,1,2,1,3,1,3,0,1,0,0,0,1,1,0,0,1600130,左,鈴木 将平,1560184,右,オスナ,右,安
2023-04-09,西武,ソフトバンク,9,1,3,1,3,1,3,0,1,1,0,0,3,0,0,0,1900065,右,柘植 世那,1560184,右,オスナ,投,直
